user_id,name,email,signup_date,birth_date,phone,address,sex
1,Timothée Marie,timothée marie.1409@example.com,2022-02-06,1956-10-05,+33 (0)4 26 33 21 81,"rue Carpentier, 29617 Michel-sur-Guilbert",M
2,Victor Boutin,victor boutin.4657@example.com,2022-08-29,1996-07-14,03 66 79 40 26,"63, rue Gillet, 13467 Texier",M
3,Alphonse Chauveau,alphonse chauveau.7912@example.com,2023-08-24,2003-08-14,02 53 61 84 95,"1, rue de Leleu, 37181 Roussel",M
4,Guillaume De Sousa,guillaume de sousa.4582@example.com,2020-11-19,1988-03-14,0310553419,"82, chemin Lucie Lagarde, 71324 Lecoq",M
5,Gabriel David,gabriel david.4257@example.com,2025-05-20,1961-07-08,0547413953,"52, rue Vallet, 71651 Letellier",M
6,Pénélope Guillon,pénélope guillon.4611@example.com,2024-12-23,1978-03-09,04 94 32 87 10,"26, avenue Jeannine Bigot, 67357 DuboisBourg",F
7,Juliette Lecoq,juliette lecoq.1106@example.com,2021-10-13,1955-08-10,0247462704,"5, boulevard de Raynaud, 25256 Ledoux",F
8,Adélaïde Joseph,adélaïde joseph.6574@example.com,2024-06-14,1989-04-05,0750154303,"avenue de Muller, 97278 Rodriguez",F
9,Robert Gaillard,robert gaillard.6514@example.com,2020-06-21,1996-05-11,0563383465,"41, rue Maillot, 03702 Rolland-sur-Mer",M
10,Arnaude Neveu,arnaude neveu.2584@example.com,2021-03-19,1980-10-04,+33 (0)3 71 10 51 83,"93, boulevard Verdier, 60348 Cordier-sur-Mer",F
11,Brigitte Delmas,brigitte delmas.1711@example.com,2024-05-06,1959-09-30,04 90 66 70 10,"41, rue Regnier, 57243 Vidal-la-Forêt",F
12,Gérard Sanchez,gérard sanchez.7201@example.com,2022-11-02,1999-01-30,02 38 08 01 32,"73, rue Gillet, 01499 De Sousa",M
13,Pauline Grenier,pauline grenier.6925@example.com,2021-12-28,1967-10-05,02 96 34 30 98,"10, avenue de Gaudin, 67261 Saint Claude",F
14,Arthur Valentin,arthur valentin.1750@example.com,2023-01-31,1962-10-22,+33 (0)3 75 61 93 99,"7, boulevard de Moreno, 66423 Martins",M
15,Isabelle Aubry,isabelle aubry.2307@example.com,2022-06-27,1990-05-15,02 57 47 51 07,"rue de Guillou, 33235 Muller",F
16,Michèle Jacquet,michèle jacquet.5554@example.com,2022-03-15,1974-05-06,+33 5 87 84 98 08,"3, rue Franck Bernier, 70259 Carre",F
17,Marianne Martins,marianne martins.3664@example.com,2023-07-21,1982-01-31,0754016400,"82, avenue de Guilbert, 02214 Saint ÉmilieVille",F
18,Stéphane Courtois,stéphane courtois.5374@example.com,2021-12-01,1959-01-02,+33 5 79 20 45 05,"61, avenue de Legendre, 95258 Goncalves",M
19,Lucas Laurent,lucas laurent.3803@example.com,2023-03-15,1970-11-23,+33 4 79 63 42 16,"83, chemin Valentine Dumas, 28124 Alexandre",M
20,Guillaume Muller,guillaume muller.8573@example.com,2024-10-04,1982-05-30,0488868501,"240, avenue de Barre, 93905 Nguyen",M
21,Bertrand Collin,bertrand collin.6313@example.com,2023-01-15,1956-01-04,+33 3 87 06 08 83,"6, chemin de Dupré, 16837 Guillou",M
22,Xavier Lejeune,xavier lejeune.1525@example.com,2023-02-25,1953-10-04,0549482366,"946, chemin Renault, 26540 Seguin-sur-Bègue",M
23,Suzanne Pichon,suzanne pichon.5386@example.com,2024-06-14,2002-03-04,03 63 87 21 48,"chemin Jean, 25250 Saint Patrick",F
24,Arnaude Pineau,arnaude pineau.4483@example.com,2024-12-05,1965-04-09,03 53 67 63 20,"92, rue Frédérique Menard, 16567 Barthelemy",F
25,Margaud Faivre,margaud faivre.8517@example.com,2022-09-21,1995-05-16,05 65 87 27 74,"88, rue de Paris, 56179 Huet",F
26,Jacques Julien,jacques julien.5040@example.com,2025-04-22,1959-07-26,+33 (0)2 62 23 62 31,"88, rue Lucas De Oliveira, 49888 Grenier-sur-Lefebvre",M
27,Monique Martel,monique martel.8019@example.com,2024-05-21,1968-11-12,+33 (0)4 89 46 68 89,"74, rue Amélie Marques, 85795 Ramos-les-Bains",F
28,Charlotte Loiseau,charlotte loiseau.4593@example.com,2022-07-22,1995-11-11,+33 (0)5 36 99 01 62,"5, chemin Marcel De Sousa, 41445 Lopesnec",F
29,Audrey Lelièvre,audrey lelièvre.2489@example.com,2023-07-20,1957-07-12,+33 (0)1 77 53 10 03,"rue de Dupuis, 17584 Saint Chantal-la-Forêt",F
30,Émile Seguin,émile seguin.3504@example.com,2023-07-25,1965-05-19,+33 (0)3 10 41 90 49,"41, chemin Pottier, 76924 Saint Adélaïdenec",M
31,Antoinette Guillou,antoinette guillou.2040@example.com,2023-02-25,1980-08-24,0143671657,"58, boulevard de Becker, 61576 Foucher-la-Forêt",F
32,Jacqueline Fernandez,jacqueline fernandez.9669@example.com,2020-06-30,1985-09-29,0623799650,"47, chemin Zacharie Guyot, 76818 Berthelot",F
33,Raymond Aubert,raymond aubert.2876@example.com,2025-05-10,1963-08-25,+33 (0)3 80 67 83 77,"chemin Louis, 51808 Schneider",M
34,Michèle Reynaud,michèle reynaud.6573@example.com,2022-04-02,1996-11-09,0564855744,"4, rue Noémi Regnier, 97298 Olivier",F
35,Valérie Baron,valérie baron.3591@example.com,2025-04-17,1978-04-28,0240343524,"124, boulevard Klein, 89229 HenryVille",F
36,Lorraine Lelièvre,lorraine lelièvre.9201@example.com,2025-02-26,1958-12-14,05 90 52 04 71,"11, rue Thibault, 38187 Lemaire",F
37,Marc Seguin,marc seguin.5889@example.com,2021-11-21,1963-03-22,+33 5 19 77 49 64,"4, rue de Aubry, 84183 Dupuis",M
38,Robert Sanchez,robert sanchez.3504@example.com,2024-01-10,1982-10-30,+33 1 34 67 97 40,"27, rue de Aubry, 97690 Peltier-sur-Philippe",M
39,Bertrand Devaux,bertrand devaux.6310@example.com,2024-02-19,1975-02-22,+33 2 79 42 10 24,"8, chemin de Bonnin, 51378 Gimenezdan",M
40,Augustin Joseph,augustin joseph.6947@example.com,2025-05-22,1956-01-03,+33 (0)5 81 59 40 13,"19, avenue Paul, 83552 Arnaud",M
41,Martin Bousquet,martin bousquet.1949@example.com,2022-07-23,1988-10-14,02 34 75 65 51,"57, avenue de Samson, 70137 Blancboeuf",M
42,Isaac Ferreira,isaac ferreira.2403@example.com,2021-06-11,1956-10-22,01 30 87 60 38,"17, chemin Dias, 17394 Rocherdan",M
43,Alexandre Lombard,alexandre lombard.9727@example.com,2022-09-26,1955-08-10,+33 2 98 48 08 61,"rue Madeleine Brunet, 63833 Grégoire",M
44,Marc Guillet,marc guillet.8787@example.com,2022-12-13,1969-10-03,03 81 78 26 39,"avenue Zacharie Guillou, 34940 Sainte Monique",M
45,Victoire Gérard,victoire gérard.9645@example.com,2023-09-11,1967-02-21,06 99 55 88 67,"79, avenue Bertrand, 40862 Munoznec",F
46,Vincent Gilles,vincent gilles.9835@example.com,2023-10-16,1956-11-13,+33 7 80 28 95 17,"30, rue Denis Lelièvre, 97643 Ferrand",M
47,Victor Faure,victor faure.6107@example.com,2020-08-27,1976-09-29,0519578091,"23, rue Patricia Couturier, 90993 Sainte Jacques-la-Forêt",M
48,Amélie Germain,amélie germain.8177@example.com,2025-05-15,1973-10-09,+33 (0)4 49 55 62 38,"32, boulevard Weber, 79799 Mahe",F
49,David Grondin,david grondin.5061@example.com,2022-12-24,1990-11-30,03 87 74 07 48,"chemin Jacqueline Ribeiro, 81534 Pineau",M
50,Élodie Jacob,élodie jacob.1344@example.com,2022-11-05,1967-02-09,02 44 36 95 94,"avenue de Paris, 02679 Sainte Victoire",F
51,Gabriel Seguin,gabriel seguin.4608@example.com,2021-07-14,2003-06-13,0366394210,"6, rue de Robin, 37434 Roger-sur-Mer",M
52,Richard Poulain,richard poulain.4750@example.com,2023-07-19,2001-07-08,0320474517,"96, rue Sophie Delaunay, 02370 Denisdan",M
53,Julie Mary,julie mary.2160@example.com,2020-09-22,1970-06-06,05 08 13 70 98,"81, chemin de Delahaye, 52219 Lambert",F
54,Madeleine Teixeira,madeleine teixeira.8953@example.com,2024-03-07,1992-06-12,+33 (0)2 37 38 26 75,"26, boulevard Anouk Guyot, 05806 Carpentier",F
55,Matthieu Huet,matthieu huet.8744@example.com,2023-04-01,1989-08-10,0238585064,"rue Margaud Lecomte, 82754 Lefebvre-sur-Girard",M
56,Jacqueline Marchand,jacqueline marchand.4119@example.com,2020-08-18,1996-07-06,+33 2 18 83 93 35,"5, rue Gimenez, 32917 Masson",F
57,Christelle Garcia,christelle garcia.6804@example.com,2021-05-03,1975-10-17,0376950240,"28, rue de Ollivier, 57896 Blanchet",F
58,Stéphanie Gaudin,stéphanie gaudin.1887@example.com,2021-06-26,1959-08-12,+33 1 73 84 70 07,"8, avenue de Legrand, 11429 Caron-sur-François",F
59,Guillaume Ferrand,guillaume ferrand.1993@example.com,2024-01-26,1980-08-16,0524984789,"rue de Bègue, 83998 Mace-sur-Mer",M
60,Maurice Dumas,maurice dumas.5073@example.com,2023-07-31,1993-05-02,04 82 76 61 56,"35, avenue de Mercier, 12951 Saint AuroreBourg",M
61,Christelle Berthelot,christelle berthelot.3296@example.com,2021-05-21,1976-02-29,+33 (0)4 77 16 56 04,"9, rue Descamps, 61329 Sainte Camilleboeuf",F
62,Laurence Baudry,laurence baudry.8579@example.com,2020-06-17,1987-05-19,+33 5 67 89 98 09,"chemin Boutin, 97249 Marty",F
63,Édith Meunier,édith meunier.2604@example.com,2020-10-31,1998-12-08,02 18 20 18 36,"62, chemin Philippine Duhamel, 76186 Saint Hugues",F
64,Yves Faure,yves faure.2528@example.com,2020-10-18,1954-07-06,0594679764,"6, rue Roland Potier, 86707 Laine-la-Forêt",M
65,Frédéric Delaunay,frédéric delaunay.7658@example.com,2024-12-09,1975-04-20,+33 (0)1 40 34 32 44,"avenue Letellier, 55279 Gillet",M
66,Gabriel Charrier,gabriel charrier.7570@example.com,2024-04-28,2003-02-09,0219606071,"79, avenue de Charpentier, 15514 Sainte Jean",M
67,Maryse Blanc,maryse blanc.1035@example.com,2023-05-20,1981-01-15,02 44 36 96 81,"63, rue Gros, 81216 Gros-sur-Mer",F
68,Marine Petitjean,marine petitjean.5673@example.com,2025-03-18,1979-04-08,+33 3 75 12 43 29,"3, avenue de Barthelemy, 97182 Pons-sur-Bazin",F
69,Margot Techer,margot techer.3536@example.com,2024-03-27,1993-11-04,0285717744,"814, rue Bertrand Tessier, 36178 Sainte CélinaVille",F
70,Sébastien Gilles,sébastien gilles.1958@example.com,2023-07-04,1967-10-14,+33 4 73 97 82 07,"9, rue de Fournier, 31824 Navarro-les-Bains",M
71,Julien Carre,julien carre.6138@example.com,2023-05-21,2002-05-01,05 55 59 05 15,"54, boulevard de Gérard, 42183 Dupré-sur-Blanchard",M
72,Marcelle Bègue,marcelle bègue.9238@example.com,2024-07-18,1973-05-12,02 56 91 48 65,"916, rue Agnès Ruiz, 23319 Gosselin",F
73,Étienne Jean,étienne jean.9320@example.com,2024-02-18,2000-11-20,+33 2 96 14 18 88,"39, avenue de Brunet, 20285 Gaillard-sur-Mace",M
74,Alphonse Bouchet,alphonse bouchet.2113@example.com,2023-08-29,1962-05-16,0376794738,"63, boulevard de Besnard, 59887 Merle",M
75,Camille Evrard,camille evrard.2964@example.com,2024-10-10,1970-06-20,02 99 39 24 07,"9, chemin Perez, 97230 Lebreton",F
76,David Nguyen,david nguyen.2343@example.com,2021-07-31,1976-09-09,+33 (0)3 67 75 06 06,"61, rue Julien, 13959 Rodrigues",M
77,Alex Renault,alex renault.5272@example.com,2024-04-19,1992-05-20,02 69 77 90 10,"98, rue Philippine Hervé, 30408 Saint Oliviernec",F
78,Anouk Masson,anouk masson.4910@example.com,2023-09-25,1989-03-15,01 45 89 32 46,"73, rue Hardy, 46169 DevauxVille",F
79,Noël Bertrand,noël bertrand.5915@example.com,2021-12-17,1974-07-21,05 16 40 51 53,"12, boulevard Yves Weiss, 22950 Grenierdan",M
80,Daniel Andre,daniel andre.1152@example.com,2020-10-25,1972-12-23,01 64 43 03 05,"88, rue Odette Jourdan, 24392 Valette",M
81,Victor Rémy,victor rémy.2200@example.com,2022-11-28,1970-08-24,0253566765,"95, rue Nathalie Lamy, 11540 Arnaud-sur-Morvan",M
82,Margot Henry,margot henry.3170@example.com,2023-11-13,1983-10-19,+33 (0)4 76 44 79 62,"60, avenue de Paris, 81910 Saint Marguerite",F
83,Jules Blanchet,jules blanchet.7054@example.com,2024-03-09,1987-12-29,+33 1 56 29 70 21,"75, rue de Texier, 20795 Lemaîtreboeuf",M
84,Astrid Baudry,astrid baudry.9900@example.com,2024-08-03,1961-03-18,+33 4 97 65 43 10,"268, chemin Maryse Cohen, 27726 Lemonnier",F
85,Eugène Rivière,eugène rivière.5905@example.com,2022-06-04,1962-04-27,+33 2 21 72 71 55,"344, rue de Étienne, 65329 Saint Sophie-les-Bains",M
86,Paul Michel,paul michel.5333@example.com,2021-07-02,1996-05-15,0498782911,"78, boulevard David Marchand, 40757 Sainte Chantalboeuf",M
87,Robert Riou,robert riou.5462@example.com,2022-12-26,1986-03-01,+33 2 56 68 01 82,"45, boulevard Roland Chevalier, 32301 Paris-les-Bains",M
88,Thibault Joubert,thibault joubert.6617@example.com,2022-03-15,1990-04-06,+33 (0)3 22 99 22 99,"1, rue Clerc, 97383 Gilles",M
89,Patricia Maurice,patricia maurice.9280@example.com,2023-04-21,1973-12-26,+33 (0)7 98 44 73 64,"rue de Barbier, 56525 Barthelemy-sur-Mer",F
90,Thibaut Meunier,thibaut meunier.2512@example.com,2023-12-20,1965-06-01,0472562588,"27, avenue Paul Blanchard, 13151 Jacob",M
91,Jeanne Leroux,jeanne leroux.1722@example.com,2020-11-03,2002-05-22,0469327877,"2, boulevard Céline Guillot, 27697 Rousseau",F
92,Guy Costa,guy costa.5291@example.com,2023-09-12,1995-02-05,04 38 80 16 24,"70, boulevard Guilbert, 24471 HervéBourg",M
93,Claude Lebreton,claude lebreton.1158@example.com,2024-10-29,1999-09-28,0250216558,"99, boulevard Augustin Lambert, 05240 Reynaud",F
94,Michel Gérard,michel gérard.9938@example.com,2020-08-20,2000-02-18,+33 4 76 95 26 94,"587, rue Alexandrie Rémy, 86212 Guillon-la-Forêt",M
95,Théophile Reynaud,théophile reynaud.8041@example.com,2022-02-22,1996-02-08,0370097289,"20, rue Besnard, 40528 Pasquier",M
96,Olivie Charrier,olivie charrier.6974@example.com,2024-07-12,1956-07-09,01 82 28 38 57,"97, boulevard Adrienne Labbé, 97397 Bourdon",F
97,Élise Hoarau,élise hoarau.4441@example.com,2021-08-28,1960-05-08,0456344375,"244, boulevard de Gillet, 50938 Leleu",F
98,William Dupont,william dupont.6794@example.com,2020-11-09,1953-02-13,0228574733,"22, boulevard de Dupuis, 31151 Jean-sur-Mer",M
99,Capucine Pasquier,capucine pasquier.3532@example.com,2020-09-22,1987-07-10,0651208267,"64, rue Pauline Blanc, 83687 Joubert",F
100,Emmanuel Delattre,emmanuel delattre.7755@example.com,2022-01-19,2002-10-25,+33 1 64 67 24 00,"515, boulevard Édith Teixeira, 18971 Bigot-la-Forêt",M
101,Cécile Rémy,cécile rémy.7745@example.com,2023-03-01,1953-04-10,+33 6 33 42 05 49,"966, rue Andrée Laroche, 13289 Martel",F
102,Gérard Robert,gérard robert.5371@example.com,2021-05-29,1992-06-11,0531374549,"13, rue de Turpin, 39263 Torres-la-Forêt",M
103,Timothée Collet,timothée collet.7267@example.com,2021-01-27,2000-06-06,0367327279,"478, boulevard Faure, 67557 Fischerboeuf",M
104,Roland Marie,roland marie.4269@example.com,2024-04-07,1953-09-02,+33 (0)3 57 98 22 58,"rue de Wagner, 74600 Sainte SuzanneVille",M
105,Christelle Blanchet,christelle blanchet.6000@example.com,2020-09-05,1950-05-30,06 32 90 87 40,"4, rue de Lambert, 54452 Saint Danieldan",F
106,Guy Lejeune,guy lejeune.1387@example.com,2020-08-08,1960-05-17,+33 2 61 65 67 66,"225, boulevard Carlier, 67230 Bernard",M
107,Lucy Barthelemy,lucy barthelemy.6378@example.com,2020-12-25,1985-11-29,05 19 33 75 24,"1, avenue de Bonneau, 97312 Leclerc",F
108,Capucine Valentin,capucine valentin.6753@example.com,2023-02-20,1963-06-20,+33 (0)6 09 03 06 73,"boulevard Charpentier, 29935 Julien-sur-Verdier",F
109,Inès Hernandez,inès hernandez.9785@example.com,2023-11-19,1984-11-14,+33 3 67 64 40 89,"88, chemin Weiss, 85490 Juliennec",F
110,Denis Ribeiro,denis ribeiro.5279@example.com,2022-06-23,1992-09-06,03 39 87 33 42,"avenue de Delattre, 71642 Chevallier",M
111,Joséphine Martins,joséphine martins.1626@example.com,2022-03-09,1997-05-14,0228751830,"290, boulevard Ramos, 85672 Voisin",F
112,Margaret Bailly,margaret bailly.6663@example.com,2024-08-21,1960-03-30,+33 (0)3 62 31 73 93,"754, boulevard Manon Pelletier, 39367 Blanchet",F
113,Suzanne Perrin,suzanne perrin.9379@example.com,2022-01-29,1996-07-22,04 72 35 56 09,"50, boulevard de Delorme, 92527 Brunet",F
114,Jacques Rolland,jacques rolland.5173@example.com,2021-01-15,2000-01-24,03 82 78 54 77,"32, boulevard de Camus, 23655 Saint Virginie",M
115,Anaïs Salmon,anaïs salmon.1027@example.com,2020-07-20,1968-10-31,+33 (0)5 57 23 12 03,"8, avenue de Durand, 01644 BouchetVille",F
116,Rémy Mace,rémy mace.6967@example.com,2022-05-01,1977-04-07,0438086211,"99, chemin René Chauvin, 11482 Jacques-sur-Mer",M
117,Lucy Pottier,lucy pottier.6143@example.com,2021-03-22,1961-02-02,+33 (0)1 58 16 66 87,"3, avenue Gay, 82903 Moreno",F
118,Alice Rolland,alice rolland.9308@example.com,2021-10-16,1983-11-19,+33 6 74 01 48 90,"4, rue de Chrétien, 91940 Garnier-la-Forêt",F
119,Isabelle Duhamel,isabelle duhamel.6344@example.com,2022-09-26,1978-10-16,04 78 62 18 50,"61, boulevard de Valentin, 50892 Martinez",F
120,Stéphanie Marin,stéphanie marin.3085@example.com,2023-09-22,1993-02-26,+33 4 91 86 62 96,"23, chemin Brunet, 48828 Rousset",F
121,Margaud Alves,margaud alves.3851@example.com,2020-08-19,1962-11-16,+33 (0)2 34 04 75 41,"avenue Pons, 71668 CordierBourg",F
122,Aurore Monnier,aurore monnier.7653@example.com,2021-10-31,1968-11-13,+33 (0)4 75 60 46 61,"326, chemin Hernandez, 34604 Andre",F
123,Renée Baron,renée baron.5700@example.com,2023-04-04,1991-09-04,04 57 71 54 37,"3, rue Anastasie Le Roux, 79489 Besnard",F
124,Philippine Gilles,philippine gilles.8618@example.com,2025-01-19,1978-06-19,+33 4 57 59 37 52,"47, avenue Roger Carlier, 46216 Bourgeois-sur-Allain",F
125,Éric Normand,éric normand.9375@example.com,2024-06-26,1976-04-13,+33 (0)6 35 37 41 67,"53, rue de Auger, 54908 Legranddan",M
126,Stéphane Maréchal,stéphane maréchal.5649@example.com,2024-10-27,1973-12-05,01 64 58 91 13,"709, avenue Franck Dubois, 13364 Gros",M
127,Geneviève Cohen,geneviève cohen.2530@example.com,2023-04-30,1953-01-17,0535798250,"avenue Émile Ferreira, 93245 Langlois",F
128,Susanne Leclerc,susanne leclerc.4680@example.com,2024-10-19,1955-07-28,04 87 71 77 51,"rue de Simon, 43763 Saint Nicole-sur-Mer",F
129,Emmanuel Courtois,emmanuel courtois.1400@example.com,2022-03-28,2001-11-28,+33 4 78 86 73 62,"16, boulevard de Philippe, 57706 PerrierVille",M
130,Emmanuelle Lopes,emmanuelle lopes.2193@example.com,2021-11-17,1974-05-01,+33 (0)2 41 82 55 37,"68, avenue de Bourdon, 50701 Sainte Adriennedan",F
131,Yves Munoz,yves munoz.7291@example.com,2024-12-24,1975-06-16,0231251341,"78, boulevard Guillaume Bruneau, 49533 Coulon",M
132,Tristan Giraud,tristan giraud.3417@example.com,2023-12-12,1964-01-09,+33 7 54 22 57 90,"rue Léon Jacob, 71617 Lejeunedan",M
133,Matthieu Camus,matthieu camus.2746@example.com,2025-01-11,1957-06-25,+33 2 30 90 34 04,"82, avenue de Dias, 65215 Noël-sur-Royer",M
134,Jules Allard,jules allard.3881@example.com,2024-01-20,1954-02-15,+33 (0)5 90 83 61 34,"25, rue Philippine Gomez, 26930 Lagarde-sur-Marty",M
135,Danielle Chauvet,danielle chauvet.1822@example.com,2021-06-28,1968-03-06,+33 3 59 30 95 84,"54, rue de Dufour, 97162 Sainte Marcelle",F
136,Christophe Menard,christophe menard.8478@example.com,2024-07-24,1997-12-06,+33 4 73 36 72 94,"21, boulevard Océane Lopes, 88998 De Sousa",M
137,Marguerite Blin,marguerite blin.8251@example.com,2020-10-19,1963-02-18,+33 (0)2 35 75 18 63,"64, chemin Emmanuelle Verdier, 17679 Le GoffVille",F
138,Capucine Toussaint,capucine toussaint.9976@example.com,2021-10-26,1975-08-18,01 45 12 77 06,"34, rue Marcelle Alves, 32184 Chartier",F
139,Anastasie Delaunay,anastasie delaunay.8373@example.com,2024-06-22,1990-02-25,0373611037,"838, rue Grenier, 43936 Sainte Marine-les-Bains",F
140,Arnaude Rolland,arnaude rolland.9540@example.com,2021-09-12,1971-11-09,02 33 11 55 42,"91, rue de Bourdon, 83268 Marty-sur-Mer",F
141,Lucas Chauvet,lucas chauvet.5499@example.com,2020-08-21,1974-07-25,03 65 11 21 96,"42, rue Paul Lenoir, 76714 Jacquet-sur-Merle",M
142,Madeleine Leclerc,madeleine leclerc.4841@example.com,2021-11-17,1986-06-08,+33 5 35 40 37 61,"118, chemin Gilles Chevallier, 72530 Morvan",F
143,Sylvie Pires,sylvie pires.9849@example.com,2021-02-13,1997-12-11,+33 (0)1 45 91 04 30,"748, avenue Émile Riou, 68650 Brunet-sur-Lopes",F
144,Honoré Chevalier,honoré chevalier.4788@example.com,2021-11-26,1978-12-17,+33 2 96 85 69 14,"40, avenue Ferreira, 58726 Lefèvre-sur-Ruiz",M
145,Charles Richard,charles richard.4505@example.com,2024-08-18,2002-01-24,+33 1 42 27 58 84,"24, chemin Gilbert, 34636 Sainte MichèleBourg",M
146,Susanne Gros,susanne gros.6421@example.com,2024-06-03,1971-10-22,0179792524,"4, boulevard de Bernard, 06979 Saint Benjamin",F
147,Mathilde Jacob,mathilde jacob.2020@example.com,2024-10-18,1993-03-25,+33 3 27 08 63 53,"24, chemin de Mathieu, 64789 Saint Maurice",F
148,Amélie Maréchal,amélie maréchal.1320@example.com,2022-01-27,1955-04-25,+33 (0)6 37 44 51 87,"54, boulevard de Berger, 59477 Teixeira-sur-Leleu",F
149,Jacqueline Fernandes,jacqueline fernandes.8814@example.com,2022-10-16,2004-04-23,+33 (0)5 55 03 85 05,"24, boulevard Gomez, 53603 Saint Michèle",F
150,Bernadette Bertrand,bernadette bertrand.7389@example.com,2023-03-09,1978-06-18,+33 5 57 57 19 18,"11, rue Noël Klein, 33971 Carlier",F
151,Hugues Sauvage,hugues sauvage.8999@example.com,2022-08-31,1990-04-22,0373132912,"67, rue Élise Pelletier, 97336 Le Galldan",M
152,Célina Robin,célina robin.8956@example.com,2021-03-20,2001-09-07,+33 4 63 90 35 21,"18, chemin de Bertin, 22131 Sauvage-sur-Mer",F
153,Susan Henry,susan henry.7624@example.com,2023-03-26,1959-01-17,+33 2 52 00 32 36,"5, rue François, 25761 RodriguezBourg",F
154,Chantal Dupont,chantal dupont.3091@example.com,2022-07-02,1964-10-16,01 76 29 66 70,"62, rue Paris, 35556 Fontaine",F
155,Tristan Collet,tristan collet.7455@example.com,2025-01-15,1969-04-16,05 56 87 01 46,"48, boulevard de Moreau, 48900 Voisin",M
156,Patrick Barre,patrick barre.2375@example.com,2022-07-09,1962-12-17,0533420593,"8, chemin de Gosselin, 74338 Roussel",M
157,Vincent Guillot,vincent guillot.8564@example.com,2025-01-08,1995-12-22,0179396522,"15, chemin de Duhamel, 72245 Roche-sur-Teixeira",M
158,Marcelle Roger,marcelle roger.7211@example.com,2020-12-01,1982-08-25,01 69 10 39 30,"boulevard Luc Dumont, 43834 Breton",F
159,Aimée Caron,aimée caron.6355@example.com,2025-03-11,1985-09-08,+33 2 46 85 15 69,"35, avenue Riou, 62764 Roger",F
160,Martine Hubert,martine hubert.7906@example.com,2021-08-09,1987-07-08,+33 5 18 44 22 09,"3, chemin de Raymond, 28754 Duval-sur-Mahe",F
161,Margot Vallet,margot vallet.1317@example.com,2023-12-24,1958-04-08,+33 (0)3 76 55 21 57,"23, chemin Simone Nicolas, 92101 Sainte Brigitte",F
162,Émile Pasquier,émile pasquier.6733@example.com,2023-08-09,1990-09-19,05 18 58 61 79,"11, rue Timothée Bertin, 14175 Picard",M
163,Édouard Foucher,édouard foucher.1659@example.com,2022-10-21,1956-10-22,+33 (0)2 35 59 97 06,"12, chemin Leclerc, 24519 Mace-la-Forêt",M
164,Henri Gomez,henri gomez.4266@example.com,2020-08-17,2000-10-08,+33 (0)1 76 69 87 20,"rue Théodore Peltier, 80714 BourgeoisBourg",M
165,François Picard,françois picard.4908@example.com,2024-03-14,1997-07-22,0229714677,"boulevard de Chevallier, 23479 Lemaître-les-Bains",M
166,Alphonse Charles,alphonse charles.4571@example.com,2020-12-05,1972-12-24,06 37 43 49 02,"chemin de Allard, 52874 Dumas-sur-Lenoir",M
167,Nath Barbe,nath barbe.7043@example.com,2024-02-11,1995-04-14,06 79 37 41 60,"rue Jacques Lecomte, 24229 Sainte Édouard",F
168,Eugène Techer,eugène techer.3683@example.com,2021-04-06,1984-02-20,+33 3 89 51 16 86,"970, rue Arnaude Gérard, 19680 Guillon-sur-Thierry",M
169,Bernard Thibault,bernard thibault.6111@example.com,2023-10-30,1968-12-01,+33 (0)4 38 85 64 67,"chemin Antoine, 19733 Bazin-sur-Lemonnier",M
170,Alex Delaunay,alex delaunay.7498@example.com,2023-12-15,1960-09-20,0376074505,"27, rue Ribeiro, 95553 Royer",F
171,Thibaut Imbert,thibaut imbert.4978@example.com,2021-11-20,1996-12-05,+33 (0)3 45 73 67 85,"51, boulevard de Antoine, 18899 ColasVille",M
172,Élise Bourgeois,élise bourgeois.2983@example.com,2025-05-27,1956-08-28,+33 (0)3 84 07 05 34,"161, chemin Camus, 76556 Reynaud",F
173,Robert Marty,robert marty.6688@example.com,2024-06-10,1971-11-17,0310414060,"43, rue de Royer, 83519 LefebvreVille",M
174,Christelle Jourdan,christelle jourdan.2129@example.com,2024-10-05,1973-11-21,+33 1 41 34 94 46,"44, chemin Margaret Dijoux, 79506 Henry-sur-Robert",F
175,Michelle Guilbert,michelle guilbert.1207@example.com,2021-08-07,1976-12-11,0456171545,"33, rue de Boyer, 76513 Bazin",F
176,Alexandre Bègue,alexandre bègue.8102@example.com,2025-02-27,1983-04-19,04 50 46 66 09,"88, chemin de Guillou, 38965 Descamps",M
177,Édith Cousin,édith cousin.3506@example.com,2024-06-05,1979-03-19,+33 (0)6 52 48 25 13,"66, chemin Isabelle Cousin, 59971 Sainte BernardBourg",F
178,Élise Charrier,élise charrier.9817@example.com,2023-01-28,1955-06-12,+33 (0)5 24 84 60 22,"89, chemin Auger, 23897 Sainte Xavier-les-Bains",F
179,Andrée Thomas,andrée thomas.8136@example.com,2023-08-02,1952-10-20,04 26 32 92 71,"76, avenue Alice Thomas, 05646 Foucher",F
180,Agathe Lebrun,agathe lebrun.6280@example.com,2024-02-06,1991-01-01,+33 1 46 03 35 42,"394, rue Léger, 37566 Godardboeuf",F
181,Christiane Le Goff,christiane le goff.8385@example.com,2022-08-02,1988-12-16,04 92 32 60 33,"9, rue Poulain, 91766 Sainte Lucie",F
182,Anaïs Valentin,anaïs valentin.6511@example.com,2023-12-22,2004-04-17,+33 (0)2 45 00 16 76,"37, rue Hernandez, 53777 Sainte Laurence-les-Bains",F
183,Caroline Gros,caroline gros.3979@example.com,2020-06-07,1971-03-04,+33 (0)4 34 11 73 93,"75, rue Augustin Lévy, 63312 Rémy-sur-Mer",F
184,Agathe Leconte,agathe leconte.5232@example.com,2023-01-26,1983-09-15,+33 (0)2 46 97 21 81,"57, avenue Benoît Roussel, 22995 Sainte Agnès",F
185,Pénélope Rousset,pénélope rousset.1166@example.com,2024-06-23,1973-03-31,+33 (0)2 36 00 22 55,"61, rue Gabriel Maréchal, 51567 Collin",F
186,Marc Delahaye,marc delahaye.4954@example.com,2023-11-28,1959-05-20,+33 2 47 20 21 69,"72, boulevard Antoine Pottier, 93233 CoulonBourg",M
187,Sabine Lambert,sabine lambert.4937@example.com,2020-07-05,1957-11-20,+33 (0)3 90 50 89 93,"791, rue de Leduc, 44779 GérardVille",F
188,Constance Bodin,constance bodin.8342@example.com,2024-08-25,1956-09-03,07 82 17 53 54,"78, rue Édouard Jacques, 56920 Pons-sur-Blanc",F
189,Maurice Gomes,maurice gomes.5820@example.com,2023-04-23,1990-10-06,+33 (0)7 90 16 60 88,"boulevard de Diaz, 38620 Leclercdan",M
190,Jules Vincent,jules vincent.6016@example.com,2024-11-06,1964-01-29,+33 6 31 58 99 75,"rue Bernard, 43463 Lévy",M
191,Michelle Boutin,michelle boutin.8753@example.com,2024-03-29,1970-07-15,+33 (0)1 74 27 26 14,"7, avenue Aubert, 91446 Sainte BenjaminBourg",F
192,Suzanne Delmas,suzanne delmas.7971@example.com,2022-09-27,1957-01-05,+33 8 00 80 86 97,"222, boulevard Julie Lebrun, 64493 Raynaud-sur-Mer",F
193,Nicole Le Goff,nicole le goff.6764@example.com,2021-12-03,1959-05-01,0630226984,"433, chemin de Torres, 44788 Lacombe",F
194,Camille Allard,camille allard.6023@example.com,2021-10-12,1987-06-25,0249587996,"9, rue Weber, 19154 Saint René",F
195,Guy Normand,guy normand.4155@example.com,2024-10-03,1986-08-13,0277043805,"boulevard de Hubert, 95762 Perrier-sur-Mer",M
196,Guy Jacquot,guy jacquot.4138@example.com,2024-03-24,1992-07-28,+33 (0)5 24 66 58 00,"673, boulevard de Rousset, 77301 Cousin",M
197,Dorothée Normand,dorothée normand.9595@example.com,2021-09-19,1965-05-12,+33 (0)3 44 28 16 06,"32, chemin de Thomas, 42577 Fournier",F
198,Isaac Godard,isaac godard.4180@example.com,2023-03-27,1986-12-10,+33 (0)4 58 79 85 15,"318, boulevard Élise Antoine, 12457 Benoit",M
199,Margot Alves,margot alves.3939@example.com,2022-10-25,1985-10-27,0365987801,"49, chemin Weber, 15495 Gimenez",F
200,Alexandre Blondel,alexandre blondel.5494@example.com,2021-01-09,2000-12-18,0607043581,"280, rue Pottier, 54955 Saint Élisenec",M
201,Colette Laurent,colette laurent.3068@example.com,2021-06-01,1962-10-08,04 78 01 10 24,"74, avenue Louise Lebon, 55423 Sainte Margot",F
202,René Robert,rené robert.1200@example.com,2023-09-26,1969-05-17,+33 (0)1 74 15 81 44,"76, rue de Reynaud, 20646 Dufour",M
203,Lucie Couturier,lucie couturier.8843@example.com,2022-03-18,1975-10-07,+33 4 56 50 88 21,"boulevard de Carlier, 68660 Sainte Marcboeuf",F
204,Lucas Imbert,lucas imbert.1841@example.com,2025-05-07,1990-09-14,+33 2 99 23 94 31,"808, boulevard de Legrand, 37787 Sainte Eugène-sur-Mer",M
205,Patrick Rémy,patrick rémy.2070@example.com,2024-01-20,1980-05-24,0255314913,"55, boulevard de Brunet, 72680 Gomes",M
206,Émile Thomas,émile thomas.1878@example.com,2024-12-28,1997-10-20,0383364525,"55, boulevard Franck Roger, 82721 Sainte Valérie-les-Bains",M
207,Élodie Charles,élodie charles.2395@example.com,2023-10-01,1990-08-10,+33 (0)2 22 08 09 96,"chemin de Devaux, 69583 Poulain",F
208,Hélène Leleu,hélène leleu.4697@example.com,2021-08-27,1953-12-20,0258788165,"39, rue de Cohen, 20283 Moreno-sur-Delmas",F
209,Valérie Pelletier,valérie pelletier.8381@example.com,2024-11-04,1978-06-17,+33 (0)3 66 73 14 53,"68, avenue Cécile Lambert, 06764 Henry",F
210,Laure Traore,laure traore.6003@example.com,2021-10-26,1966-12-27,0325665918,"78, chemin Claire Leduc, 77106 Jolydan",F
211,David Robertson,david robertson.2625@example.com,2021-08-29,1955-06-01,932-922-5913x651,"603 David Ramp, East Crystal, AZ 75509",M
212,Anthony Scott,anthony scott.5335@example.com,2023-08-18,1963-07-23,(986)999-0413,"69292 Jackson Spur, Sandrashire, CA 30623",M
213,James Rodriguez,james rodriguez.4929@example.com,2023-05-24,1993-08-22,288.362.9127,"806 Wood Cape, Perezfort, WY 50470",M
214,Kevin Figueroa,kevin figueroa.3564@example.com,2025-05-22,2006-10-30,001-591-262-4731x49864,"818 Nicholas Ford, Robertville, FL 56347",M
215,Dawn Wyatt,dawn wyatt.8699@example.com,2024-09-25,1988-09-18,(995)694-6368x87258,"Unit 9562 Box 1372, DPO AE 28610",F
216,James Morgan,james morgan.5720@example.com,2024-08-12,1961-04-06,+1-890-326-0127,"1906 Mendez Pike, Jenniferton, WI 23474",M
217,Jessica Harris,jessica harris.2166@example.com,2022-01-24,1960-10-12,+1-284-430-9883x92053,"5669 April Street Apt. 184, Michaelview, IN 79978",F
218,Jordan Powell,jordan powell.4241@example.com,2024-03-05,1979-01-18,6427681818,"USNV Walter, FPO AP 33287",F
219,Vincent Hart,vincent hart.3441@example.com,2022-11-08,1987-09-06,001-735-877-9071x41633,"USS Haynes, FPO AA 33040",M
220,Brandon Nunez,brandon nunez.1977@example.com,2023-07-27,1995-02-27,518-527-5539x42373,"33952 David Common, Austinside, AZ 63715",M
221,Lisa Vasquez,lisa vasquez.8195@example.com,2022-03-15,1996-07-25,001-447-228-4639,"8085 Dalton Trail Apt. 718, Stewarttown, AL 88857",F
222,Jamie Garcia,jamie garcia.7594@example.com,2022-01-29,1986-05-27,(494)928-4347x955,"556 Hayes Ports Apt. 931, Lindaside, NE 50424",F
223,Brianna Haley,brianna haley.8172@example.com,2025-03-05,2001-05-09,(770)926-7288,"1203 Woods Roads, South Julieview, MN 47727",F
224,Justin Patrick,justin patrick.8078@example.com,2023-05-02,1957-12-04,(706)715-9399x824,"716 Ford Drive Apt. 569, Sweeneyland, CO 21734",M
225,Crystal Stewart,crystal stewart.1423@example.com,2021-09-24,1998-06-05,249-464-7598x7622,"132 Garcia Circles Suite 800, Warrenland, CT 34901",F
226,Bradley Huynh,bradley huynh.5415@example.com,2024-03-02,1970-02-24,(743)934-7228x2005,"728 Brittany Motorway Suite 884, Timothybury, AS 12239",M
227,Eric Gutierrez,eric gutierrez.8708@example.com,2022-05-18,1970-07-02,(240)908-2547,"USCGC Evans, FPO AA 38894",M
228,Rebecca Kelley,rebecca kelley.5557@example.com,2024-04-05,1994-06-18,568.666.3266,"944 Gutierrez Walk, East Derrickville, SC 60183",F
229,Denise Dean,denise dean.9056@example.com,2021-08-26,1998-01-04,650.620.8021,"031 Alexis Forge Suite 647, Steventon, MA 11016",F
230,Amy Rowe,amy rowe.7690@example.com,2020-11-07,1981-06-06,587-823-4601,"03718 Thomas Springs Suite 520, West Timothyport, ID 47742",F
231,Scott Robinson,scott robinson.3634@example.com,2020-12-02,1981-05-16,836-550-2491,"792 Townsend Gateway, South Christopher, RI 44858",M
232,Amy Newman,amy newman.5722@example.com,2022-08-26,1962-02-17,001-881-727-3585x730,"77848 Lopez Ferry Suite 574, North Amanda, NV 39255",F
233,Joshua Gibson,joshua gibson.8451@example.com,2023-09-19,2000-04-16,001-986-420-9593x51863,"5118 Bradley Curve Apt. 031, Leeton, OK 84616",M
234,Mary Fox,mary fox.6296@example.com,2022-01-20,1996-07-04,001-994-205-3910x371,"0948 Jessica Village Suite 138, North Jessicaside, MS 25333",F
235,Joseph Wright,joseph wright.9889@example.com,2023-06-22,1975-12-05,+1-828-786-1957x6122,"5855 Duran Meadows Suite 939, South Katie, WA 33804",M
236,Tyrone West,tyrone west.4073@example.com,2022-12-19,1971-06-30,(700)249-0824x0433,"889 Clinton Mount Suite 224, Pamelabury, IN 34087",M
237,Anna Ross,anna ross.8242@example.com,2022-04-15,1956-04-05,615.272.7919,"05566 Molly Forks Apt. 604, West Amberberg, MD 66351",F
238,Christian Nunez,christian nunez.5375@example.com,2024-07-23,1971-05-31,(379)998-1364x6225,"641 Shaw Trail, Port Dennis, OH 26467",M
239,Jennifer Duncan,jennifer duncan.8178@example.com,2022-02-09,1959-06-22,+1-398-333-1465,"5355 Kayla Extension Suite 979, South Brady, GU 31104",F
240,Michael Moore,michael moore.1472@example.com,2021-11-10,1963-01-18,001-911-203-9240x5147,"88487 Heather Skyway, South Brandyhaven, AZ 33984",M
241,Antonio Gonzalez,antonio gonzalez.3594@example.com,2021-09-29,1983-12-31,001-694-807-0164x510,"157 Jacob Parkway Suite 800, New Kevin, NM 52064",M
242,Albert Sutton,albert sutton.7684@example.com,2024-01-14,2000-09-26,(443)784-0460x843,"PSC 2168, Box 9363, APO AP 20522",M
243,Wesley Browning,wesley browning.8560@example.com,2021-12-24,1996-02-03,478-423-2983x24826,"52056 Turner Summit, Edwinborough, CT 17742",M
244,Alexander Odom,alexander odom.9165@example.com,2022-02-19,1958-10-09,+1-949-499-3933x051,"526 Wells Estates Apt. 306, West Stephaniebury, WA 88494",M
245,Norma Jones,norma jones.7807@example.com,2024-05-02,1975-09-16,897.257.3660x965,"0388 Terrell Canyon Suite 803, Scottport, WI 37976",F
246,Christopher Phillips,christopher phillips.8483@example.com,2023-09-05,1970-07-06,4828771812,"27937 John Square Apt. 111, Waltersland, NC 93205",M
247,Monica Hester,monica hester.4122@example.com,2024-08-10,1967-12-08,+1-426-286-0259x222,"742 Rachel Flats Apt. 940, Jimenezfort, ND 01254",F
248,David Chapman,david chapman.2143@example.com,2023-12-16,1988-05-26,576.271.9903x8498,"502 Elizabeth Villages, Markland, AR 14773",M
249,Wendy Martin,wendy martin.9318@example.com,2025-04-09,1990-04-17,799-898-2795x0145,"147 David Wall Suite 586, Lake Jason, AR 14827",F
250,Monica Fuller,monica fuller.5891@example.com,2023-04-02,1967-06-24,779-446-9548,"772 Jeanette Fields Apt. 107, Lake Melaniechester, MT 06463",F
251,Hannah Shaffer,hannah shaffer.3434@example.com,2023-04-06,1976-07-16,703.244.1448,"6990 James Village Suite 770, South Eric, NH 70882",F
252,Julia Olsen,julia olsen.6654@example.com,2022-09-20,1982-12-22,001-308-449-5880x3955,"6829 Lopez Crescent, Janetmouth, VT 04646",F
253,Jennifer Crawford,jennifer crawford.8460@example.com,2024-10-19,1986-07-25,757.243.8421,"8078 James Orchard, Kimberlyberg, WI 13379",F
254,Michael Anderson,michael anderson.7274@example.com,2025-03-03,1992-08-13,001-207-368-1040x9157,"94353 Justin Place Suite 714, East Joshua, AL 82151",M
255,Jose Clark,jose clark.6213@example.com,2024-12-12,1959-05-01,(785)942-4932x149,"0160 Ronald Fall, Jensenport, MA 26472",M
256,Angela Livingston,angela livingston.7325@example.com,2021-04-27,1960-06-13,001-679-721-7174x77332,"7701 Rodriguez Neck Suite 245, New Dakota, GU 94122",F
257,Gabriel Banks,gabriel banks.9115@example.com,2021-11-28,2001-09-30,387-769-6393x8276,"9583 Elaine Club Suite 199, Nguyenville, GU 58856",M
258,Elizabeth Sullivan,elizabeth sullivan.2644@example.com,2024-10-01,1978-08-23,+1-419-465-7013x290,"9973 Erin Island Suite 946, Veronicashire, AL 80650",F
259,Jennifer Anderson,jennifer anderson.1251@example.com,2021-01-07,1956-11-11,805-780-0851x4036,"6832 Taylor Point Suite 562, Whitneyberg, DC 02021",F
260,Mariah Thomas,mariah thomas.3529@example.com,2020-09-24,1998-02-02,862.912.6796x9278,"69097 Jennifer Grove, Houseshire, MN 04886",F
261,Laura Bush,laura bush.6546@example.com,2023-03-25,1965-04-19,397-312-8478,"894 Rebecca Place, South Shawnfort, OK 96683",F
262,Jennifer Yu,jennifer yu.2315@example.com,2020-07-13,1980-08-12,242-609-4940x7929,"7128 Melissa Harbors, Davidview, KY 34180",F
263,Natalie Munoz,natalie munoz.6188@example.com,2021-10-31,1963-03-11,001-227-752-4372,"Unit 2927 Box 6637, DPO AP 84069",F
264,Daniel Navarro,daniel navarro.2121@example.com,2022-09-23,1988-11-12,(504)810-2767x478,"4286 Keith Union Suite 658, North Samanthastad, PR 57096",M
265,Frances Adams,frances adams.4727@example.com,2020-09-12,1955-08-14,749-467-3938,"010 Davis Cove, Bellport, KS 25808",F
266,Allison Davis,allison davis.2612@example.com,2020-12-02,1954-01-29,+1-439-611-1926x921,"746 Scott Tunnel, West Kimberlyfurt, MS 44102",F
267,David Hess,david hess.8269@example.com,2023-09-25,1994-10-12,(371)473-9627,"91741 Charles Ports Suite 707, Lake Danielle, AZ 87612",M
268,Deborah Graves,deborah graves.1474@example.com,2022-01-13,2001-08-05,(990)387-7661x8306,"4601 Nichols Junctions Apt. 743, New Benjamin, MS 87104",F
269,Edwin Price,edwin price.5806@example.com,2022-03-18,1981-09-18,257-517-3203,"478 Levy Brook, West Brianton, MO 15992",M
270,Renee Contreras,renee contreras.3385@example.com,2024-01-14,1990-04-26,282.593.1027x079,"20417 Mary Circles, North Tylerbury, CA 27061",F
271,Gail Huff,gail huff.3950@example.com,2022-10-28,1994-08-07,001-365-319-8253x0925,"58273 Dennis Turnpike Suite 207, North Adrianland, VT 85927",F
272,Jason Aguirre,jason aguirre.7267@example.com,2024-09-22,1966-10-23,001-472-932-4876x32909,"456 Angela Fields, New Tiffanystad, VI 71243",M
273,Daniel Townsend,daniel townsend.9153@example.com,2023-03-08,1968-01-08,+1-634-503-1277x22005,"701 Sara Fall Apt. 078, North Pattymouth, OR 76491",M
274,Jason Burgess,jason burgess.8555@example.com,2020-09-06,1962-05-14,931-253-1363x63179,"97265 Stephen Fields, Theresaborough, MA 17174",M
275,Melissa Brown,melissa brown.5183@example.com,2024-02-08,1964-02-19,(417)476-2534,"68739 Hood Harbors, Lake Ronniebury, IA 43400",F
276,Lauren Snow,lauren snow.5712@example.com,2023-01-02,1961-04-13,001-229-806-0078,"177 Christopher Terrace Apt. 632, Kennethland, AK 63387",F
277,Christopher Stevens,christopher stevens.2210@example.com,2020-11-16,1974-06-05,001-990-277-2625,"5804 Mullins Square, Port Gail, RI 44501",M
278,Kayla Kent,kayla kent.7951@example.com,2021-06-15,1959-02-23,(301)565-7905x528,"81793 Luke Grove Suite 401, Michaelfort, NY 69534",F
279,Julie Patel,julie patel.5949@example.com,2024-11-02,1994-04-28,+1-347-895-1371,"PSC 4112, Box 4127, APO AE 27273",F
280,Tiffany Johnson,tiffany johnson.2747@example.com,2021-09-02,1988-02-28,(782)875-6704x31038,"9887 Torres Curve Suite 243, Watsonport, WI 06703",F
281,Heather Bryant,heather bryant.5847@example.com,2021-06-11,1959-01-27,(592)384-2222,"274 Lopez Points Apt. 552, Shaneburgh, ND 40027",F
282,Thomas Sullivan,thomas sullivan.7484@example.com,2022-01-26,1987-01-31,427.952.0885x4749,"702 Kyle Locks, South Michael, MD 07714",M
283,Kevin Walker,kevin walker.9138@example.com,2021-08-06,1985-04-20,001-243-701-8718x63759,"6504 Bell Mission Apt. 376, Robertschester, VA 54790",M
284,Sara Harper,sara harper.4588@example.com,2025-03-02,1966-12-10,(334)278-5196,"2879 James Village Suite 487, Port Margaretshire, ME 65263",F
285,Natalie Walker,natalie walker.3240@example.com,2023-02-17,1965-01-13,9245471462,"1959 Cunningham Ways Suite 715, Port Jordanshire, AR 19655",F
286,Joel Steele,joel steele.6061@example.com,2020-07-09,1951-12-14,(520)445-6504x481,"554 Jennings Spurs, Codyshire, MI 19338",M
287,Chad Campbell,chad campbell.6977@example.com,2021-06-02,1957-04-12,001-376-852-1328x33898,"20754 Taylor Mills, Geraldport, AK 98078",M
288,Daniel Vincent,daniel vincent.5835@example.com,2021-12-25,1983-06-06,(334)223-2161,"31089 Taylor Glen Apt. 140, Port Davidborough, OR 26718",M
289,Michael Johnson,michael johnson.4289@example.com,2024-06-12,1997-09-16,(349)355-2893,"334 Rachel Plain, Lake Coreyborough, PW 66586",M
290,Holly Lawrence,holly lawrence.9697@example.com,2022-05-01,1971-12-26,312.956.6383x615,"5480 Mark Crescent, Campbellport, TX 58691",F
291,Julian Roberts,julian roberts.5210@example.com,2022-10-12,1952-02-26,(431)875-2071x67811,"215 Matthew Ranch, Martinezchester, VA 65920",M
292,Pamela Miranda,pamela miranda.6549@example.com,2023-03-11,1954-01-29,001-646-457-9678,"47732 Cory Center, South Erikaburgh, MS 79745",F
293,Brittany Howell,brittany howell.2233@example.com,2021-10-21,1994-07-05,618-777-3477,"61675 Ramos Camp, East Angelaport, FM 93045",F
294,Katherine Taylor,katherine taylor.6992@example.com,2024-01-20,2000-07-07,001-467-219-7889x778,"695 Flores Burgs Apt. 255, Port Patriciamouth, MS 13260",F
295,Gregory Howard,gregory howard.5332@example.com,2021-03-29,1969-02-07,(403)233-4911x415,"6986 Smith Mountains, West Nicholasfurt, MD 75544",M
296,Rhonda Garcia,rhonda garcia.7038@example.com,2023-05-14,1961-06-19,+1-535-678-5294x56371,"639 Jennifer Prairie Apt. 954, New Lauriefort, NE 27991",F
297,Rebecca Pearson,rebecca pearson.7242@example.com,2023-07-05,1952-08-30,484-268-5366x4987,"737 Giles Place, Michaelton, NC 26800",F
298,Julia Allen,julia allen.2775@example.com,2022-10-10,1961-06-28,001-546-865-1364x4249,"03477 Henderson Camp, East Joseph, AK 34369",F
299,Mary Thompson,mary thompson.1410@example.com,2021-06-13,1963-09-14,8707015941,"2319 Alejandra Village, Tylerland, IA 79120",F
300,Patricia Edwards,patricia edwards.4626@example.com,2023-07-16,1964-06-28,001-663-963-2123,"8515 Wells Gateway, Natashaberg, MN 62789",F
